run	dump_file
CG001Qv40Run5	out/dumpvariants_output/CG001Qv40Run5_dumpvariants_out-v_0-c_0-s_0-m_0.tsv
CG001Qv40Run6	out/dumpvariants_output/CG001Qv40Run6_dumpvariants_out-v_0-c_0-s_0-m_0.tsv
CG001Qv40Run7	out/dumpvariants_output/CG001Qv40Run7_dumpvariants_out-v_0-c_0-s_0-m_0.tsv
CG001Qv40Run8	out/dumpvariants_output/CG001Qv40Run8_dumpvariants_out-v_0-c_0-s_0-m_0.tsv
CG001Qv40Run9	out/dumpvariants_output/CG001Qv40Run9_dumpvariants_out-v_0-c_0-s_0-m_0.tsv
CG001Qv40Run10	out/dumpvariants_output/CG001Qv40Run10_dumpvariants_out-v_0-c_0-s_0-m_0.tsv
CG001Qv40Run11	out/dumpvariants_output/CG001Qv40Run11_dumpvariants_out-v_0-c_0-s_0-m_0.tsv
CG001Qv40Run12	out/dumpvariants_output/CG001Qv40Run12_dumpvariants_out-v_0-c_0-s_0-m_0.tsv
CG001Qv40Run13	out/dumpvariants_output/CG001Qv40Run13_dumpvariants_out-v_0-c_0-s_0-m_0.tsv
CG001Qv40Run14	out/dumpvariants_output/CG001Qv40Run14_dumpvariants_out-v_0-c_0-s_0-m_0.tsv
CG001Qv40Run15	out/dumpvariants_output/CG001Qv40Run15_dumpvariants_out-v_0-c_0-s_0-m_0.tsv
CG001Qv40Run16	out/dumpvariants_output/CG001Qv40Run16_dumpvariants_out-v_0-c_0-s_0-m_0.tsv
CG001Qv40Run17	out/dumpvariants_output/CG001Qv40Run17_dumpvariants_out-v_0-c_0-s_0-m_0.tsv
CG001Qv40Run18	out/dumpvariants_output/CG001Qv40Run18_dumpvariants_out-v_0-c_0-s_0-m_0.tsv
CG001Qv40Run19	out/dumpvariants_output/CG001Qv40Run19_dumpvariants_out-v_0-c_0-s_0-m_0.tsv
CG001Qv40Run20	out/dumpvariants_output/CG001Qv40Run20_dumpvariants_out-v_0-c_0-s_0-m_0.tsv
CG001Qv40Run21	out/dumpvariants_output/CG001Qv40Run21_dumpvariants_out-v_0-c_0-s_0-m_0.tsv
CG001Qv40Run22	out/dumpvariants_output/CG001Qv40Run22_dumpvariants_out-v_0-c_0-s_0-m_0.tsv
CG001Qv40Run23	out/dumpvariants_output/CG001Qv40Run23_dumpvariants_out-v_0-c_0-s_0-m_0.tsv
CG001Qv40Run24	out/dumpvariants_output/CG001Qv40Run24_dumpvariants_out-v_0-c_0-s_0-m_0.tsv
CG001Qv40Run26	out/dumpvariants_output/CG001Qv40Run26_dumpvariants_out-v_0-c_0-s_0-m_0.tsv
CG001Qv40Run27	out/dumpvariants_output/CG001Qv40Run27_dumpvariants_out-v_0-c_0-s_0-m_0.tsv
CG001Qv40Run25(CG001Qv40Run25 rerun)	out/dumpvariants_output/CG001Qv40Run25(CG001Qv40Run25 rerun)_dumpvariants_out-v_0-c_0-s_0-m_0.tsv
CG001Qv40Run28	out/dumpvariants_output/CG001Qv40Run28_dumpvariants_out-v_0-c_0-s_0-m_0.tsv
CG001Qv40Run29	out/dumpvariants_output/CG001Qv40Run29_dumpvariants_out-v_0-c_0-s_0-m_0.tsv
CG001Qv40Run30	out/dumpvariants_output/CG001Qv40Run30_dumpvariants_out-v_0-c_0-s_0-m_0.tsv
CG001Qv40Run31	out/dumpvariants_output/CG001Qv40Run31_dumpvariants_out-v_0-c_0-s_0-m_0.tsv
CG001Qv40Run32	out/dumpvariants_output/CG001Qv40Run32_dumpvariants_out-v_0-c_0-s_0-m_0.tsv
CG001Qv40Run33	out/dumpvariants_output/CG001Qv40Run33_dumpvariants_out-v_0-c_0-s_0-m_0.tsv
CG001Qv40Run35	out/dumpvariants_output/CG001Qv40Run35_dumpvariants_out-v_0-c_0-s_0-m_0.tsv
CG001Qv40Run37	out/dumpvariants_output/CG001Qv40Run37_dumpvariants_out-v_0-c_0-s_0-m_0.tsv
CG001Qv40Run38	out/dumpvariants_output/CG001Qv40Run38_dumpvariants_out-v_0-c_0-s_0-m_0.tsv
CG001Qv40Run39	out/dumpvariants_output/CG001Qv40Run39_dumpvariants_out-v_0-c_0-s_0-m_0.tsv
CG001Qv40Run40	out/dumpvariants_output/CG001Qv40Run40_dumpvariants_out-v_0-c_0-s_0-m_0.tsv
CG001Qv40Run42	out/dumpvariants_output/CG001Qv40Run42_dumpvariants_out-v_0-c_0-s_0-m_0.tsv
CG001Qv40Run43	out/dumpvariants_output/CG001Qv40Run43_dumpvariants_out-v_0-c_0-s_0-m_0.tsv
CG001Qv40Run44	out/dumpvariants_output/CG001Qv40Run44_dumpvariants_out-v_0-c_0-s_0-m_0.tsv
CG001Qv40Run45	out/dumpvariants_output/CG001Qv40Run45_dumpvariants_out-v_0-c_0-s_0-m_0.tsv
CG001Qv40Run46	out/dumpvariants_output/CG001Qv40Run46_dumpvariants_out-v_0-c_0-s_0-m_0.tsv
CG001Qv40Run47	out/dumpvariants_output/CG001Qv40Run47_dumpvariants_out-v_0-c_0-s_0-m_0.tsv
CG001Qv40Run48	out/dumpvariants_output/CG001Qv40Run48_dumpvariants_out-v_0-c_0-s_0-m_0.tsv
CG001Qv40Run49	out/dumpvariants_output/CG001Qv40Run49_dumpvariants_out-v_0-c_0-s_0-m_0.tsv
CG001Qv40Run50	out/dumpvariants_output/CG001Qv40Run50_dumpvariants_out-v_0-c_0-s_0-m_0.tsv
CG001Qv40Run51	out/dumpvariants_output/CG001Qv40Run51_dumpvariants_out-v_0-c_0-s_0-m_0.tsv
CG001Qv40Run52	out/dumpvariants_output/CG001Qv40Run52_dumpvariants_out-v_0-c_0-s_0-m_0.tsv
CG001Qv40Run53	out/dumpvariants_output/CG001Qv40Run53_dumpvariants_out-v_0-c_0-s_0-m_0.tsv
CG001Qv40Run54	out/dumpvariants_output/CG001Qv40Run54_dumpvariants_out-v_0-c_0-s_0-m_0.tsv
CG001Qv40Run55	out/dumpvariants_output/CG001Qv40Run55_dumpvariants_out-v_0-c_0-s_0-m_0.tsv
CG001Qv40Run56	out/dumpvariants_output/CG001Qv40Run56_dumpvariants_out-v_0-c_0-s_0-m_0.tsv
CG001Qv40Run57	out/dumpvariants_output/CG001Qv40Run57_dumpvariants_out-v_0-c_0-s_0-m_0.tsv
CG001Qv40Run58	out/dumpvariants_output/CG001Qv40Run58_dumpvariants_out-v_0-c_0-s_0-m_0.tsv
CG001Qv40Run60	out/dumpvariants_output/CG001Qv40Run60_dumpvariants_out-v_0-c_0-s_0-m_0.tsv
CG001Qv40Run61	out/dumpvariants_output/CG001Qv40Run61_dumpvariants_out-v_0-c_0-s_0-m_0.tsv
CG001Qv40Run65	out/dumpvariants_output/CG001Qv40Run65_dumpvariants_out-v_0-c_0-s_0-m_0.tsv
CG001Qv40Run66	out/dumpvariants_output/CG001Qv40Run66_dumpvariants_out-v_0-c_0-s_0-m_0.tsv
CG001Qv40Run67	out/dumpvariants_output/CG001Qv40Run67_dumpvariants_out-v_0-c_0-s_0-m_0.tsv
CG001Qv40Run68	out/dumpvariants_output/CG001Qv40Run68_dumpvariants_out-v_0-c_0-s_0-m_0.tsv
CG001Qv40Run69	out/dumpvariants_output/CG001Qv40Run69_dumpvariants_out-v_0-c_0-s_0-m_0.tsv
CG001Qv40Run70	out/dumpvariants_output/CG001Qv40Run70_dumpvariants_out-v_0-c_0-s_0-m_0.tsv
CG001Qv40Run71	out/dumpvariants_output/CG001Qv40Run71_dumpvariants_out-v_0-c_0-s_0-m_0.tsv
CG001Qv40Run72	out/dumpvariants_output/CG001Qv40Run72_dumpvariants_out-v_0-c_0-s_0-m_0.tsv
CG001Qv40Run73	out/dumpvariants_output/CG001Qv40Run73_dumpvariants_out-v_0-c_0-s_0-m_0.tsv
CG001Qv40Run74	out/dumpvariants_output/CG001Qv40Run74_dumpvariants_out-v_0-c_0-s_0-m_0.tsv
CG001Qv40Run75	out/dumpvariants_output/CG001Qv40Run75_dumpvariants_out-v_0-c_0-s_0-m_0.tsv
CG001Qv40Run77	out/dumpvariants_output/CG001Qv40Run77_dumpvariants_out-v_0-c_0-s_0-m_0.tsv
CG001Qv40Run79	out/dumpvariants_output/CG001Qv40Run79_dumpvariants_out-v_0-c_0-s_0-m_0.tsv
CG001Qv40Run80(CG001Qv40Run80 rerun)	out/dumpvariants_output/CG001Qv40Run80(CG001Qv40Run80 rerun)_dumpvariants_out-v_0-c_0-s_0-m_0.tsv
CG001Qv40Run81	out/dumpvariants_output/CG001Qv40Run81_dumpvariants_out-v_0-c_0-s_0-m_0.tsv
CG001Qv40Run82	out/dumpvariants_output/CG001Qv40Run82_dumpvariants_out-v_0-c_0-s_0-m_0.tsv
CG001Qv40Run83	out/dumpvariants_output/CG001Qv40Run83_dumpvariants_out-v_0-c_0-s_0-m_0.tsv
CG001Qv40Run84	out/dumpvariants_output/CG001Qv40Run84_dumpvariants_out-v_0-c_0-s_0-m_0.tsv
CG001Qv40Run85	out/dumpvariants_output/CG001Qv40Run85_dumpvariants_out-v_0-c_0-s_0-m_0.tsv
CG001Qv40Run86	out/dumpvariants_output/CG001Qv40Run86_dumpvariants_out-v_0-c_0-s_0-m_0.tsv
CG001Qv40Run87	out/dumpvariants_output/CG001Qv40Run87_dumpvariants_out-v_0-c_0-s_0-m_0.tsv
CG001Qv40Run88	out/dumpvariants_output/CG001Qv40Run88_dumpvariants_out-v_0-c_0-s_0-m_0.tsv
CG001Qv40Run89 (10-mers)	out/dumpvariants_output/CG001Qv40Run89 (10-mers)_dumpvariants_out-v_0-c_0-s_0-m_0.tsv
CG001Qv40Run90	out/dumpvariants_output/CG001Qv40Run90_dumpvariants_out-v_0-c_0-s_0-m_0.tsv
CG001Qv40Run91	out/dumpvariants_output/CG001Qv40Run91_dumpvariants_out-v_0-c_0-s_0-m_0.tsv
CG001Qv40Run92	out/dumpvariants_output/CG001Qv40Run92_dumpvariants_out-v_0-c_0-s_0-m_0.tsv
CG001Qv40Run93	out/dumpvariants_output/CG001Qv40Run93_dumpvariants_out-v_0-c_0-s_0-m_0.tsv
CG001Qv40Run94	out/dumpvariants_output/CG001Qv40Run94_dumpvariants_out-v_0-c_0-s_0-m_0.tsv
CG001Qv40Run95	out/dumpvariants_output/CG001Qv40Run95_dumpvariants_out-v_0-c_0-s_0-m_0.tsv
CG001Qv40Run96	out/dumpvariants_output/CG001Qv40Run96_dumpvariants_out-v_0-c_0-s_0-m_0.tsv
CG001Qv40Run97	out/dumpvariants_output/CG001Qv40Run97_dumpvariants_out-v_0-c_0-s_0-m_0.tsv
CG001Qv40Run98	out/dumpvariants_output/CG001Qv40Run98_dumpvariants_out-v_0-c_0-s_0-m_0.tsv
CG001Qv40Run99	out/dumpvariants_output/CG001Qv40Run99_dumpvariants_out-v_0-c_0-s_0-m_0.tsv
CG001Qv40Run100	out/dumpvariants_output/CG001Qv40Run100_dumpvariants_out-v_0-c_0-s_0-m_0.tsv
CG001Qv40Run101	out/dumpvariants_output/CG001Qv40Run101_dumpvariants_out-v_0-c_0-s_0-m_0.tsv
CG001Qv40Run102	out/dumpvariants_output/CG001Qv40Run102_dumpvariants_out-v_0-c_0-s_0-m_0.tsv
CG001Qv40Run103	out/dumpvariants_output/CG001Qv40Run103_dumpvariants_out-v_0-c_0-s_0-m_0.tsv
CG001Qv40Run104	out/dumpvariants_output/CG001Qv40Run104_dumpvariants_out-v_0-c_0-s_0-m_0.tsv
CG001Qv40Run105	out/dumpvariants_output/CG001Qv40Run105_dumpvariants_out-v_0-c_0-s_0-m_0.tsv
CG001Qv40Run107	out/dumpvariants_output/CG001Qv40Run107_dumpvariants_out-v_0-c_0-s_0-m_0.tsv
CG001Qv40Run108	out/dumpvariants_output/CG001Qv40Run108_dumpvariants_out-v_0-c_0-s_0-m_0.tsv
CG001Qv40Run109	out/dumpvariants_output/CG001Qv40Run109_dumpvariants_out-v_0-c_0-s_0-m_0.tsv
CG001Qv40Run110	out/dumpvariants_output/CG001Qv40Run110_dumpvariants_out-v_0-c_0-s_0-m_0.tsv
CG001Qv40Run111	out/dumpvariants_output/CG001Qv40Run111_dumpvariants_out-v_0-c_0-s_0-m_0.tsv
CG001Qv40Run112-redo2	out/dumpvariants_output/CG001Qv40Run112-redo2_dumpvariants_out-v_0-c_0-s_0-m_0.tsv
CG001Qv40Run113	out/dumpvariants_output/CG001Qv40Run113_dumpvariants_out-v_0-c_0-s_0-m_0.tsv
CG001Qv40Run114	out/dumpvariants_output/CG001Qv40Run114_dumpvariants_out-v_0-c_0-s_0-m_0.tsv
CG001Qv40Run115	out/dumpvariants_output/CG001Qv40Run115_dumpvariants_out-v_0-c_0-s_0-m_0.tsv
CG001Qv40Run116	out/dumpvariants_output/CG001Qv40Run116_dumpvariants_out-v_0-c_0-s_0-m_0.tsv
CG001Qv40Run117	out/dumpvariants_output/CG001Qv40Run117_dumpvariants_out-v_0-c_0-s_0-m_0.tsv
CG001Qv40Run118	out/dumpvariants_output/CG001Qv40Run118_dumpvariants_out-v_0-c_0-s_0-m_0.tsv
CG001Qv40Run119	out/dumpvariants_output/CG001Qv40Run119_dumpvariants_out-v_0-c_0-s_0-m_0.tsv
CG001Qv40Run120	out/dumpvariants_output/CG001Qv40Run120_dumpvariants_out-v_0-c_0-s_0-m_0.tsv
CG001Qv40Run121	out/dumpvariants_output/CG001Qv40Run121_dumpvariants_out-v_0-c_0-s_0-m_0.tsv
CG001Qv40Run122	out/dumpvariants_output/CG001Qv40Run122_dumpvariants_out-v_0-c_0-s_0-m_0.tsv
CG001Qv40Run123	out/dumpvariants_output/CG001Qv40Run123_dumpvariants_out-v_0-c_0-s_0-m_0.tsv
CG001Qv40Run124	out/dumpvariants_output/CG001Qv40Run124_dumpvariants_out-v_0-c_0-s_0-m_0.tsv
CG001Qv40Run125	out/dumpvariants_output/CG001Qv40Run125_dumpvariants_out-v_0-c_0-s_0-m_0.tsv
CG001Qv40Run126	out/dumpvariants_output/CG001Qv40Run126_dumpvariants_out-v_0-c_0-s_0-m_0.tsv
CG001Qv40Run127	out/dumpvariants_output/CG001Qv40Run127_dumpvariants_out-v_0-c_0-s_0-m_0.tsv
CG001Qv40Run128	out/dumpvariants_output/CG001Qv40Run128_dumpvariants_out-v_0-c_0-s_0-m_0.tsv
CG001Qv40Run129	out/dumpvariants_output/CG001Qv40Run129_dumpvariants_out-v_0-c_0-s_0-m_0.tsv
CG001Qv40Run130	out/dumpvariants_output/CG001Qv40Run130_dumpvariants_out-v_0-c_0-s_0-m_0.tsv
CG001Qv40Run131	out/dumpvariants_output/CG001Qv40Run131_dumpvariants_out-v_0-c_0-s_0-m_0.tsv
CG001Qv40Run132	out/dumpvariants_output/CG001Qv40Run132_dumpvariants_out-v_0-c_0-s_0-m_0.tsv
CG001Qv40Run134	out/dumpvariants_output/CG001Qv40Run134_dumpvariants_out-v_0-c_0-s_0-m_0.tsv
CG001Qv40Run135	out/dumpvariants_output/CG001Qv40Run135_dumpvariants_out-v_0-c_0-s_0-m_0.tsv
CG001Qv40Run136	out/dumpvariants_output/CG001Qv40Run136_dumpvariants_out-v_0-c_0-s_0-m_0.tsv
CG001Qv40Run137	out/dumpvariants_output/CG001Qv40Run137_dumpvariants_out-v_0-c_0-s_0-m_0.tsv
CG001Qv40Run138	out/dumpvariants_output/CG001Qv40Run138_dumpvariants_out-v_0-c_0-s_0-m_0.tsv
CG001Qv40Run139	out/dumpvariants_output/CG001Qv40Run139_dumpvariants_out-v_0-c_0-s_0-m_0.tsv
CG001Qv40Run140	out/dumpvariants_output/CG001Qv40Run140_dumpvariants_out-v_0-c_0-s_0-m_0.tsv
CG001Qv40Run142	out/dumpvariants_output/CG001Qv40Run142_dumpvariants_out-v_0-c_0-s_0-m_0.tsv
CG001Qv40Run143	out/dumpvariants_output/CG001Qv40Run143_dumpvariants_out-v_0-c_0-s_0-m_0.tsv
CG001Qv40Run144	out/dumpvariants_output/CG001Qv40Run144_dumpvariants_out-v_0-c_0-s_0-m_0.tsv
CG001Qv40Run146	out/dumpvariants_output/CG001Qv40Run146_dumpvariants_out-v_0-c_0-s_0-m_0.tsv
CG001Qv40Run147	out/dumpvariants_output/CG001Qv40Run147_dumpvariants_out-v_0-c_0-s_0-m_0.tsv
CG001Qv40Run149	out/dumpvariants_output/CG001Qv40Run149_dumpvariants_out-v_0-c_0-s_0-m_0.tsv
CG001Qv40Run150	out/dumpvariants_output/CG001Qv40Run150_dumpvariants_out-v_0-c_0-s_0-m_0.tsv
CG001Qv40Run151	out/dumpvariants_output/CG001Qv40Run151_dumpvariants_out-v_0-c_0-s_0-m_0.tsv
CG001Qv40Run152	out/dumpvariants_output/CG001Qv40Run152_dumpvariants_out-v_0-c_0-s_0-m_0.tsv
CG001Qv40Run153	out/dumpvariants_output/CG001Qv40Run153_dumpvariants_out-v_0-c_0-s_0-m_0.tsv
CG001Qv40Run154	out/dumpvariants_output/CG001Qv40Run154_dumpvariants_out-v_0-c_0-s_0-m_0.tsv
CG001Qv40Run155	out/dumpvariants_output/CG001Qv40Run155_dumpvariants_out-v_0-c_0-s_0-m_0.tsv
CG001Qv40Run156	out/dumpvariants_output/CG001Qv40Run156_dumpvariants_out-v_0-c_0-s_0-m_0.tsv
CG001Qv40Run157	out/dumpvariants_output/CG001Qv40Run157_dumpvariants_out-v_0-c_0-s_0-m_0.tsv
CG001Qv40Run158	out/dumpvariants_output/CG001Qv40Run158_dumpvariants_out-v_0-c_0-s_0-m_0.tsv
CG001Qv40Run159	out/dumpvariants_output/CG001Qv40Run159_dumpvariants_out-v_0-c_0-s_0-m_0.tsv
CG001Qv40Run160	out/dumpvariants_output/CG001Qv40Run160_dumpvariants_out-v_0-c_0-s_0-m_0.tsv
CG001Qv40Run161	out/dumpvariants_output/CG001Qv40Run161_dumpvariants_out-v_0-c_0-s_0-m_0.tsv
CG001Qv40Run163	out/dumpvariants_output/CG001Qv40Run163_dumpvariants_out-v_0-c_0-s_0-m_0.tsv
CG001Qv40Run164	out/dumpvariants_output/CG001Qv40Run164_dumpvariants_out-v_0-c_0-s_0-m_0.tsv
CG001Qv40Run165	out/dumpvariants_output/CG001Qv40Run165_dumpvariants_out-v_0-c_0-s_0-m_0.tsv
CG001Qv40Run166	out/dumpvariants_output/CG001Qv40Run166_dumpvariants_out-v_0-c_0-s_0-m_0.tsv
CG001Qv40Run167	out/dumpvariants_output/CG001Qv40Run167_dumpvariants_out-v_0-c_0-s_0-m_0.tsv
CG001Qv40Run168	out/dumpvariants_output/CG001Qv40Run168_dumpvariants_out-v_0-c_0-s_0-m_0.tsv
CG001Qv40Run169	out/dumpvariants_output/CG001Qv40Run169_dumpvariants_out-v_0-c_0-s_0-m_0.tsv
CG001Qv40Run170	out/dumpvariants_output/CG001Qv40Run170_dumpvariants_out-v_0-c_0-s_0-m_0.tsv
CG001Qv40Run171	out/dumpvariants_output/CG001Qv40Run171_dumpvariants_out-v_0-c_0-s_0-m_0.tsv
CG001Qv40Run174	out/dumpvariants_output/CG001Qv40Run174_dumpvariants_out-v_0-c_0-s_0-m_0.tsv
CG001Qv40Run177	out/dumpvariants_output/CG001Qv40Run177_dumpvariants_out-v_0-c_0-s_0-m_0.tsv
CG001Qv40Run178	out/dumpvariants_output/CG001Qv40Run178_dumpvariants_out-v_0-c_0-s_0-m_0.tsv
CG001Qv40Run180	out/dumpvariants_output/CG001Qv40Run180_dumpvariants_out-v_0-c_0-s_0-m_0.tsv
CG001Qv40Run181	out/dumpvariants_output/CG001Qv40Run181_dumpvariants_out-v_0-c_0-s_0-m_0.tsv
CG001Qv40Run182	out/dumpvariants_output/CG001Qv40Run182_dumpvariants_out-v_0-c_0-s_0-m_0.tsv
CG001Qv40Run183	out/dumpvariants_output/CG001Qv40Run183_dumpvariants_out-v_0-c_0-s_0-m_0.tsv
CG001Qv40Run185	out/dumpvariants_output/CG001Qv40Run185_dumpvariants_out-v_0-c_0-s_0-m_0.tsv
CG001Qv40Run187	out/dumpvariants_output/CG001Qv40Run187_dumpvariants_out-v_0-c_0-s_0-m_0.tsv
CG001Qv40Run188	out/dumpvariants_output/CG001Qv40Run188_dumpvariants_out-v_0-c_0-s_0-m_0.tsv
CG001Qv40Run189	out/dumpvariants_output/CG001Qv40Run189_dumpvariants_out-v_0-c_0-s_0-m_0.tsv
CG001Qv40Run190	out/dumpvariants_output/CG001Qv40Run190_dumpvariants_out-v_0-c_0-s_0-m_0.tsv
CG001Qv40Run191	out/dumpvariants_output/CG001Qv40Run191_dumpvariants_out-v_0-c_0-s_0-m_0.tsv
CG001Qv40Run192	out/dumpvariants_output/CG001Qv40Run192_dumpvariants_out-v_0-c_0-s_0-m_0.tsv
CG001Qv40Run194	out/dumpvariants_output/CG001Qv40Run194_dumpvariants_out-v_0-c_0-s_0-m_0.tsv
CG001Qv40Run195	out/dumpvariants_output/CG001Qv40Run195_dumpvariants_out-v_0-c_0-s_0-m_0.tsv
CG001Qv40Run197	out/dumpvariants_output/CG001Qv40Run197_dumpvariants_out-v_0-c_0-s_0-m_0.tsv
CG001Qv40Run198	out/dumpvariants_output/CG001Qv40Run198_dumpvariants_out-v_0-c_0-s_0-m_0.tsv
CG001Qv40Run199	out/dumpvariants_output/CG001Qv40Run199_dumpvariants_out-v_0-c_0-s_0-m_0.tsv
CG001Qv40Run200	out/dumpvariants_output/CG001Qv40Run200_dumpvariants_out-v_0-c_0-s_0-m_0.tsv
CG001Qv40Run201	out/dumpvariants_output/CG001Qv40Run201_dumpvariants_out-v_0-c_0-s_0-m_0.tsv
CG001Qv40Run202	out/dumpvariants_output/CG001Qv40Run202_dumpvariants_out-v_0-c_0-s_0-m_0.tsv
CG001Qv40Run203	out/dumpvariants_output/CG001Qv40Run203_dumpvariants_out-v_0-c_0-s_0-m_0.tsv
CG001Qv40Run205	out/dumpvariants_output/CG001Qv40Run205_dumpvariants_out-v_0-c_0-s_0-m_0.tsv
CG001Qv40Run206	out/dumpvariants_output/CG001Qv40Run206_dumpvariants_out-v_0-c_0-s_0-m_0.tsv
CG001Qv40Run207	out/dumpvariants_output/CG001Qv40Run207_dumpvariants_out-v_0-c_0-s_0-m_0.tsv
CG001Qv40Run208	out/dumpvariants_output/CG001Qv40Run208_dumpvariants_out-v_0-c_0-s_0-m_0.tsv
CG001Qv40Run209	out/dumpvariants_output/CG001Qv40Run209_dumpvariants_out-v_0-c_0-s_0-m_0.tsv
CG001Qv40Run210	out/dumpvariants_output/CG001Qv40Run210_dumpvariants_out-v_0-c_0-s_0-m_0.tsv
CG001Qv40Run211	out/dumpvariants_output/CG001Qv40Run211_dumpvariants_out-v_0-c_0-s_0-m_0.tsv
CG001Qv40Run212	out/dumpvariants_output/CG001Qv40Run212_dumpvariants_out-v_0-c_0-s_0-m_0.tsv
CG001Qv40Run213	out/dumpvariants_output/CG001Qv40Run213_dumpvariants_out-v_0-c_0-s_0-m_0.tsv
CG001Qv40Run214	out/dumpvariants_output/CG001Qv40Run214_dumpvariants_out-v_0-c_0-s_0-m_0.tsv
CG001Qv40Run215	out/dumpvariants_output/CG001Qv40Run215_dumpvariants_out-v_0-c_0-s_0-m_0.tsv
CG001Qv42Run216	out/dumpvariants_output/CG001Qv42Run216_dumpvariants_out-v_0-c_0-s_0-m_0.tsv
CG001Qv42Run217	out/dumpvariants_output/CG001Qv42Run217_dumpvariants_out-v_0-c_0-s_0-m_0.tsv
CG001Qv42Run218	out/dumpvariants_output/CG001Qv42Run218_dumpvariants_out-v_0-c_0-s_0-m_0.tsv
CG001Qv42Run219	out/dumpvariants_output/CG001Qv42Run219_dumpvariants_out-v_0-c_0-s_0-m_0.tsv
CG001Qv42Run220	out/dumpvariants_output/CG001Qv42Run220_dumpvariants_out-v_0-c_0-s_0-m_0.tsv
CG001Qv42Run221	out/dumpvariants_output/CG001Qv42Run221_dumpvariants_out-v_0-c_0-s_0-m_0.tsv
CG001Qv42Run222	out/dumpvariants_output/CG001Qv42Run222_dumpvariants_out-v_0-c_0-s_0-m_0.tsv
CG001Qv42Run223	nan
CG001Qv42Run224	out/dumpvariants_output/CG001Qv42Run224_dumpvariants_out-v_0-c_0-s_0-m_0.tsv
CG001Qv42Run225	out/dumpvariants_output/CG001Qv42Run225_dumpvariants_out-v_0-c_0-s_0-m_0.tsv
CG001Qv42Run226	out/dumpvariants_output/CG001Qv42Run226_dumpvariants_out-v_0-c_0-s_0-m_0.tsv
CG001Qv42Run227	out/dumpvariants_output/CG001Qv42Run227_dumpvariants_out-v_0-c_0-s_0-m_0.tsv
CG001Qv42Run228	out/dumpvariants_output/CG001Qv42Run228_dumpvariants_out-v_0-c_0-s_0-m_0.tsv
CG001Qv42Run230	out/dumpvariants_output/CG001Qv42Run230_dumpvariants_out-v_0-c_0-s_0-m_0.tsv
CG001Qv42Run231	out/dumpvariants_output/CG001Qv42Run231_dumpvariants_out-v_0-c_0-s_0-m_0.tsv
CG001Qv42Run232	out/dumpvariants_output/CG001Qv42Run232_dumpvariants_out-v_0-c_0-s_0-m_0.tsv
CG001Qv42Run233	out/dumpvariants_output/CG001Qv42Run233_dumpvariants_out-v_0-c_0-s_0-m_0.tsv
CG001Qv42Run234	out/dumpvariants_output/CG001Qv42Run234_dumpvariants_out-v_0-c_0-s_0-m_0.tsv
CG001Qv42Run235	out/dumpvariants_output/CG001Qv42Run235_dumpvariants_out-v_0-c_0-s_0-m_0.tsv
CG001Qv42Run236	out/dumpvariants_output/CG001Qv42Run236_dumpvariants_out-v_0-c_0-s_0-m_0.tsv
CG001Qv42Run237	out/dumpvariants_output/CG001Qv42Run237_dumpvariants_out-v_0-c_0-s_0-m_0.tsv
CG001Qv42Run238	out/dumpvariants_output/CG001Qv42Run238_dumpvariants_out-v_0-c_0-s_0-m_0.tsv
CG001Qv42Run239	out/dumpvariants_output/CG001Qv42Run239_dumpvariants_out-v_0-c_0-s_0-m_0.tsv
CG001Qv42Run240	out/dumpvariants_output/CG001Qv42Run240_dumpvariants_out-v_0-c_0-s_0-m_0.tsv
CG001Qv42Run241	out/dumpvariants_output/CG001Qv42Run241_dumpvariants_out-v_0-c_0-s_0-m_0.tsv
CG001Qv42Run242	out/dumpvariants_output/CG001Qv42Run242_dumpvariants_out-v_0-c_0-s_0-m_0.tsv
CG001Qv42Run243	out/dumpvariants_output/CG001Qv42Run243_dumpvariants_out-v_0-c_0-s_0-m_0.tsv
CG001Qv42Run245	out/dumpvariants_output/CG001Qv42Run245_dumpvariants_out-v_0-c_0-s_0-m_0.tsv
CG001Qv42Run246	out/dumpvariants_output/CG001Qv42Run246_dumpvariants_out-v_0-c_0-s_0-m_0.tsv
CG001Qv42Run247	out/dumpvariants_output/CG001Qv42Run247_dumpvariants_out-v_0-c_0-s_0-m_0.tsv
CG001Qv42Run248	out/dumpvariants_output/CG001Qv42Run248_dumpvariants_out-v_0-c_0-s_0-m_0.tsv